file,class,type,cbo,wmc,dit,rfc,lcom,tcc,lcc,totalMethodsQty,staticMethodsQty,publicMethodsQty,privateMethodsQty,protectedMethodsQty,defaultMethodsQty,abstractMethodsQty,finalMethodsQty,synchronizedMethodsQty,totalFieldsQty,staticFieldsQty,publicFieldsQty,privateFieldsQty,protectedFieldsQty,defaultFieldsQty,visibleFieldsQty,finalFieldsQty,synchronizedFieldsQty,nosi,loc,returnQty,loopQty,comparisonsQty,tryCatchQty,parenthesizedExpsQty,stringLiteralsQty,numbersQty,assignmentsQty,mathOperationsQty,variablesQty,maxNestedBlocksQty,anonymousClassesQty,innerClassesQty,lambdasQty,uniqueWordsQty,modifiers,logStatementsQty
/root/DesignPatternsDetection/Data/Abstract_factory/ahmtozdemir_abstract-factory-design-pattern/ckmetrics/../src/com/ahmet/PCFactory.java,com.ahmet.PCFactory,class,3,2,1,0,0,1.0,1.0,2,0,2,0,0,0,2,0,0,0,3,0,0,3,0,0,0,0,0,13,1,0,0,0,0,0,0,3,0,3,0,0,0,0,9,1,0
/root/DesignPatternsDetection/Data/Abstract_factory/ahmtozdemir_abstract-factory-design-pattern/ckmetrics/../src/com/ahmet/TestDesignPatterns.java,com.ahmet.TestDesignPatterns,class,5,2,1,3,1,NaN,NaN,2,2,1,1,0,0,1,0,0,0,0,0,0,0,0,0,0,0,3,11,0,0,0,0,0,8,0,2,2,2,0,0,0,0,14,1,0
/root/DesignPatternsDetection/Data/Abstract_factory/ahmtozdemir_abstract-factory-design-pattern/ckmetrics/../src/com/ahmet/ComputerAbstractFactory.java,com.ahmet.ComputerAbstractFactory,interface,1,1,1,0,0,NaN,NaN,1,0,1,0,0,0,1,0,0,0,0,0,0,0,0,0,0,0,0,3,0,0,0,0,0,0,0,0,0,0,0,0,0,0,4,1,0
/root/DesignPatternsDetection/Data/Abstract_factory/ahmtozdemir_abstract-factory-design-pattern/ckmetrics/../src/com/ahmet/PC.java,com.ahmet.PC,class,1,4,2,0,0,0.5,1.0,4,0,4,0,0,0,4,0,0,0,3,0,0,3,0,0,0,0,0,19,3,0,0,0,0,0,0,3,0,3,0,0,0,0,10,1,0
/root/DesignPatternsDetection/Data/Abstract_factory/ahmtozdemir_abstract-factory-design-pattern/ckmetrics/../src/com/ahmet/ComputerFactory.java,com.ahmet.ComputerFactory,class,2,1,1,1,0,NaN,NaN,1,1,1,0,0,0,1,0,0,0,0,0,0,0,0,0,0,0,0,5,1,0,0,0,0,0,0,0,0,0,0,0,0,0,5,1,0
/root/DesignPatternsDetection/Data/Abstract_factory/ahmtozdemir_abstract-factory-design-pattern/ckmetrics/../src/com/ahmet/Server.java,com.ahmet.Server,class,1,4,2,0,0,0.5,1.0,4,0,4,0,0,0,4,0,0,0,3,0,0,3,0,0,0,0,0,19,3,0,0,0,0,0,0,3,0,3,0,0,0,0,9,1,0
/root/DesignPatternsDetection/Data/Abstract_factory/ahmtozdemir_abstract-factory-design-pattern/ckmetrics/../src/com/ahmet/ServerFactory.java,com.ahmet.ServerFactory,class,3,2,1,0,0,1.0,1.0,2,0,2,0,0,0,2,0,0,0,3,0,0,3,0,0,0,0,0,13,1,0,0,0,0,0,0,3,0,3,0,0,0,0,8,1,0
